system:index,DNB_BRDF_Corrected_NTL,DNB_Lunar_Irradiance,Gap_Filled_DNB_BRDF_Corrected_NTL,Latest_High_Quality_Retrieval,Mandatory_Quality_Flag,QF_Cloud_Mask,Snow_Flag,date,.geo
2018_05_01,0.42229619635049404,82.30000000000001,0.15343828896595796,1.8336201826131868,0.07150988723354672,824.2614068173413,0.10556900023638527,2018-05-01,"{""type"":""MultiPoint"",""coordinates"":[]}"
2018_05_02,0.11413991022707552,61.900000000000006,0.07859661461218082,0.20736860389961198,0.011620265303522304,369.78447096937145,0.09001327273458949,2018-05-02,"{""type"":""MultiPoint"",""coordinates"":[]}"
2018_05_03,0.07869828050738933,46.698445778447415,0.08190575389903887,0.01363575035049055,0.007644408558397004,265.48701428150804,0.03477623473055537,2018-05-03,"{""type"":""MultiPoint"",""coordinates"":[]}"
2018_05_04,0.08368881163444854,35.29996809882991,0.08033421610832599,0.0021715892671936524,0.001407118488954819,161.0560676863864,0.030107508587183696,2018-05-04,"{""type"":""MultiPoint"",""coordinates"":[]}"
2018_05_05,0.07750236313101769,26.136196377967607,0.10121079406729717,0.20822314682594759,0.0017581202731900183,318.9417559079316,0.04627492406443533,2018-05-05,"{""type"":""MultiPoint"",""coordinates"":[]}"
2018_05_06,0.1840672374268899,19.382920284934194,0.15693704335242487,1.1491740523449538,0.0,847.9781388009966,0.018870783589248805,2018-05-06,"{""type"":""MultiPoint"",""coordinates"":[]}"
2018_05_07,0.2732990459551641,14.100000000000001,0.2783230663407687,0.04999315377350533,0.0014780755520589464,263.15336616979266,0.16408268790421549,2018-05-07,"{""type"":""MultiPoint"",""coordinates"":[]}"
2018_05_08,0.3635847302721926,6.744284970918626,0.3590381607194587,0.039105839659188305,0.0014212258477327615,242.07673472089826,0.022722810269328375,2018-05-08,"{""type"":""MultiPoint"",""coordinates"":[]}"
2018_05_09,0.42222598335168565,0.5243615573216819,0.40057029652656534,0.07419989692817221,0.00863959819639525,271.23189923706747,0.011602555565932645,2018-05-09,"{""type"":""MultiPoint"",""coordinates"":[]}"
2018_05_10,0.46139535632346346,3.6363610689163917,0.20864719273419127,0.9405097320563974,1.3426539736237206,225.1118980535956,0.014361062541859143,2018-05-10,"{""type"":""MultiPoint"",""coordinates"":[]}"
2018_05_11,,0.5,0.1645216381740858,1.6501012171896399,,585.9243038163567,0.011434918407304916,2018-05-11,"{""type"":""MultiPoint"",""coordinates"":[]}"
2018_05_12,,0.5,0.1645216381740858,2.6501012171896523,,545.0997461735927,0.01112807360071971,2018-05-12,"{""type"":""MultiPoint"",""coordinates"":[]}"
2018_05_13,0.2739791142783064,0.5,0.18108119137145434,2.538915934281006,0.002559392403572319,384.8373089507386,0.008009584591993732,2018-05-13,"{""type"":""MultiPoint"",""coordinates"":[]}"
2018_05_14,0.36630523621138233,0.5,0.3411893024721728,0.13084461793083785,0.12554972321417002,80.38906783043794,0.013379134140315054,2018-05-14,"{""type"":""MultiPoint"",""coordinates"":[]}"
2018_05_15,0.43795042314452415,0.5,0.4291108701882012,0.028974851368285964,0.05794970273657193,87.07811393787155,0.011237744892933572,2018-05-15,"{""type"":""MultiPoint"",""coordinates"":[]}"
2018_05_16,0.35140083549733425,0.5,0.17406598571529097,0.9583531125372611,1.8965264148805046,220.7049515325407,0.013422075524418762,2018-05-16,"{""type"":""MultiPoint"",""coordinates"":[]}"
2018_05_17,0.26856980487483256,0.5,0.2593403112274809,0.10606118418513848,3.0398583812886787E-5,133.2081389216693,0.017157068949351807,2018-05-17,"{""type"":""MultiPoint"",""coordinates"":[]}"
2018_05_18,0.30404674788605374,0.5,0.21324919623871727,0.505360104320366,1.8653137173758048E-4,451.35684846898437,0.013202239407255642,2018-05-18,"{""type"":""MultiPoint"",""coordinates"":[]}"
2018_05_19,0.4143715252154219,0.5,0.15575978803586077,1.4103423932669075,0.12597922163543268,560.3579438652275,0.009972378025045834,2018-05-19,"{""type"":""MultiPoint"",""coordinates"":[]}"
2018_05_20,0.376015067473313,0.5,0.3751843184062262,0.006190815247650726,0.005498749007703998,71.03298117228549,0.008377229144170788,2018-05-20,"{""type"":""MultiPoint"",""coordinates"":[]}"
2018_05_21,0.43840790288214293,0.5,0.245922853934935,0.7609647368356163,1.0453361855904058,381.3487738624294,0.003559818849284916,2018-05-21,"{""type"":""MultiPoint"",""coordinates"":[]}"
2018_05_22,0.2969146674287818,0.5,0.1504683503457894,1.4992263044719873,2.0,499.1564284878494,0.0026774719240599924,2018-05-22,"{""type"":""MultiPoint"",""coordinates"":[]}"
2018_05_23,0.21304563329010476,0.5,0.15375591856001933,2.2777121581163984,0.0,682.287755000083,0.002124394402945659,2018-05-23,"{""type"":""MultiPoint"",""coordinates"":[]}"
2018_05_24,0.08999144909938214,31.5,0.10291218780723843,0.4557870129866969,0.0012159383155035362,222.6435374092702,0.029950724058041705,2018-05-24,"{""type"":""MultiPoint"",""coordinates"":[]}"
2018_05_25,0.11047193626744217,40.346964191153944,0.08755438104852248,0.04862024923016963,0.04697870694055157,59.37601527600145,0.010884905893941609,2018-05-25,"{""type"":""MultiPoint"",""coordinates"":[]}"
2018_05_26,0.10048349647353905,53.99717045990803,0.1499319874580305,1.0044995877564569,1.9929245102257176,51.64365118986084,0.016831521340367455,2018-05-26,"{""type"":""MultiPoint"",""coordinates"":[]}"
2018_05_27,0.08945300602018277,68.3995464290368,0.15018453000492743,0.9996647569583337,1.9979841749729008,279.6830813886644,0.002114042182888611,2018-05-27,"{""type"":""MultiPoint"",""coordinates"":[]}"
2018_05_28,0.032867892045140575,87.2,0.14275406159385945,1.3341663169534645,0.0,674.5950972761996,9.331072066526868E-4,2018-05-28,"{""type"":""MultiPoint"",""coordinates"":[]}"
2018_05_29,0.061738660176148916,116.9,0.11518710429717931,1.5410240966531328,0.004477682509449749,508.3208036025233,0.0011449680485452727,2018-05-29,"{""type"":""MultiPoint"",""coordinates"":[]}"
2018_05_30,0.04637168648715495,96.82620063147459,0.046650327513326234,0.003714569651895122,0.0012856813962837722,47.74714016856247,4.7332466478442007E-4,2018-05-30,"{""type"":""MultiPoint"",""coordinates"":[]}"
2018_05_31,0.06087138864639881,71.290508277566,0.09276279000170073,0.4283284389997282,0.6280502925251235,154.298201847241,5.231408352484098E-4,2018-05-31,"{""type"":""MultiPoint"",""coordinates"":[]}"
2018_06_01,0.0915140031551149,54.960461432816885,0.08546077840422676,0.25049551863638364,0.02034494642869878,137.5649993262221,7.917164864388297E-4,2018-06-01,"{""type"":""MultiPoint"",""coordinates"":[]}"
2018_06_02,0.08485514214197841,41.7,0.1486317400879448,1.240968432259698,2.0,70.56392611818205,0.002987607022534139,2018-06-02,"{""type"":""MultiPoint"",""coordinates"":[]}"
2018_06_03,0.09401564736150349,31.900000000000002,0.09937722658866784,0.0013353413751955902,0.001218990097949639,60.2580699899793,0.0016907318852244606,2018-06-03,"{""type"":""MultiPoint"",""coordinates"":[]}"
2018_06_04,0.1019624201895941,24.200000000000003,0.10324456785701135,0.006826631383640611,0.0012198477503453722,52.41941878265424,7.671668955929423E-4,2018-06-04,"{""type"":""MultiPoint"",""coordinates"":[]}"
2018_06_05,0.407251357739199,17.96922350081928,0.22557194892240767,0.6692110571482347,0.22604471996797035,356.27175921712274,3.6496015945414526E-4,2018-06-05,"{""type"":""MultiPoint"",""coordinates"":[]}"
2018_06_06,0.531260716682865,12.89173883753356,0.35281283581133366,0.8494139043190881,0.6987357052690301,223.4790743196866,4.0864904915058407E-4,2018-06-06,"{""type"":""MultiPoint"",""coordinates"":[]}"
2018_06_07,0.24777478292544178,8.8,0.1486317400879448,1.480321126161382,2.0,466.8645185639355,2.472159434862912E-4,2018-06-07,"{""type"":""MultiPoint"",""coordinates"":[]}"
2018_06_08,0.2849127700573022,5.800000000000001,0.15508566619147285,2.021974354402848,1.896131931907345,50.76014252273085,0.003139220291860078,2018-06-08,"{""type"":""MultiPoint"",""coordinates"":[]}"
2018_06_09,0.11028745404226525,0.5,0.11028745404226525,0.0,0.0,48.289578529812665,2.3924123563189472E-5,2018-06-09,"{""type"":""MultiPoint"",""coordinates"":[]}"
2018_06_10,0.28259819477032205,0.5,0.1408200951626773,0.756617858223023,0.0017688104461148159,346.09263258023077,0.0,2018-06-10,"{""type"":""MultiPoint"",""coordinates"":[]}"
2018_06_11,0.2814725616054422,0.5,0.16891981517224075,1.152264161853675,0.7667906873740302,275.2162434603936,0.0,2018-06-11,"{""type"":""MultiPoint"",""coordinates"":[]}"
2018_06_12,0.24204065643663944,0.5,0.09567571127197814,1.7781408441613427,2.0,47.86290282556071,0.0,2018-06-12,"{""type"":""MultiPoint"",""coordinates"":[]}"
2018_06_13,0.19151445171767698,0.5,0.08920914632324888,1.0,2.0,48.11953604725075,0.0,2018-06-13,"{""type"":""MultiPoint"",""coordinates"":[]}"
2018_06_14,0.20682063893798358,0.5,0.20460174923354107,0.017254015367044004,0.020925638829372182,51.600013672717964,0.0,2018-06-14,"{""type"":""MultiPoint"",""coordinates"":[]}"
2018_06_15,,0.5,0.09272818879792032,1.0068630023061298,,654.3471752474906,0.0,2018-06-15,"{""type"":""MultiPoint"",""coordinates"":[]}"
2018_06_16,0.15077957291767458,0.5,0.09184049726231756,2.0068630023061313,2.0,397.7801900939046,0.0011823520778477183,2018-06-16,"{""type"":""MultiPoint"",""coordinates"":[]}"
2018_06_17,0.4974537706581851,0.5,0.15158170940651727,2.5664971014439524,0.8036468795020306,486.54269782117046,0.0,2018-06-17,"{""type"":""MultiPoint"",""coordinates"":[]}"
2018_06_18,,0.5,0.09476411145074558,3.369117265201856,,382.17239391942996,0.0,2018-06-18,"{""type"":""MultiPoint"",""coordinates"":[]}"
2018_06_19,0.24978926301367863,0.5,0.13929445001417592,3.08508853786498,1.3132009772458095,87.16135739285427,0.0,2018-06-19,"{""type"":""MultiPoint"",""coordinates"":[]}"
2018_06_20,0.24329996927805825,0.5,0.1711871836187886,0.6375890262766076,7.620929756144756E-4,620.9748791386436,0.0,2018-06-20,"{""type"":""MultiPoint"",""coordinates"":[]}"
2018_06_21,0.34541569713649406,0.5,0.33198225852457475,0.0588074346668964,1.7525343720258818E-4,298.40473987865164,6.379766283517192E-5,2018-06-21,"{""type"":""MultiPoint"",""coordinates"":[]}"
2018_06_22,0.6720460001236896,8.152938318641505,0.3289859960037219,0.7837200435963257,1.1750314239310067,234.97058630646504,0.0014759776937101835,2018-06-22,"{""type"":""MultiPoint"",""coordinates"":[]}"
2018_06_23,0.42383779960542944,0.5169082445438224,0.10089607542000985,1.376580434639104,1.9982105643476609,395.5203803041499,0.0,2018-06-23,"{""type"":""MultiPoint"",""coordinates"":[]}"
2018_06_24,0.06195881668797651,45.5,0.10280441433493683,1.9132039051800778,2.0,136.92399906393402,0.006714954200314924,2018-06-24,"{""type"":""MultiPoint"",""coordinates"":[]}"
2018_06_25,0.051054416804983856,57.6,0.04715356852427392,0.008296510771344492,0.0011092761964198966,47.96908753049023,0.0018051611245940165,2018-06-25,"{""type"":""MultiPoint"",""coordinates"":[]}"
2018_06_26,0.05266244412621091,72.3,0.05077949603078348,0.0015837457065190068,0.001156577077491503,47.634930008494024,2.2329181992310174E-4,2018-06-26,"{""type"":""MultiPoint"",""coordinates"":[]}"
2018_06_27,0.05609179526618911,95.9,0.10280441433493683,1.0004276632545446,2.0,47.03229103068018,2.8708948275827365E-4,2018-06-27,"{""type"":""MultiPoint"",""coordinates"":[]}"
2018_06_28,0.08347173632880535,120.94204767301666,0.09472464925874408,0.7151313639224217,1.1146952098094784,280.95182772955684,3.189883141758596E-5,2018-06-28,"{""type"":""MultiPoint"",""coordinates"":[]}"
2018_06_29,0.13380537605103082,84.4,0.10280441433493683,1.3534017742567899,2.0,281.4439134262065,6.858248754780981E-4,2018-06-29,"{""type"":""MultiPoint"",""coordinates"":[]}"
2018_06_30,0.03524130834921124,64.3,0.08802543378815744,0.8622066179254689,0.0036012743130053176,410.2914715065539,3.189883141758596E-5,2018-06-30,"{""type"":""MultiPoint"",""coordinates"":[]}"
2018_07_01,0.04607085916657069,50.0,0.04958960693210518,0.008249287991500806,0.001217712755726573,53.04443566636172,0.0,2018-07-01,"{""type"":""MultiPoint"",""coordinates"":[]}"
2018_07_02,0.06587258762438387,38.69952289676297,0.05868803109676826,0.0018360279349951502,0.0023783123930608916,47.828933634890724,3.189883141758596E-5,2018-07-02,"{""type"":""MultiPoint"",""coordinates"":[]}"
2018_07_03,0.05645005629116631,29.3,0.10280441433493683,1.0000544156535949,2.0,47.01616617139859,0.0,2018-07-03,"{""type"":""MultiPoint"",""coordinates"":[]}"
2018_07_04,0.1305564037570087,22.0,0.10430048116632858,1.0,2.0,44.29600155752636,0.0,2018-07-04,"{""type"":""MultiPoint"",""coordinates"":[]}"
2018_07_05,0.19580162342739485,16.2,0.19587715737862454,0.002080483475573767,0.0016444530909893098,44.23644445590071,0.0,2018-07-05,"{""type"":""MultiPoint"",""coordinates"":[]}"
2018_07_06,0.2537035994379265,11.4,0.24962320311731193,0.08898058405161817,0.0010788069764862984,99.64535977530616,9.570330324642942E-5,2018-07-06,"{""type"":""MultiPoint"",""coordinates"":[]}"
2018_07_07,0.5040094485365629,7.512822534987116,0.20674445908875794,0.5903188352420109,0.964154085521938,102.92720612846774,0.0,2018-07-07,"{""type"":""MultiPoint"",""coordinates"":[]}"
2018_07_08,0.5448144230162237,3.4529318018891306,0.2237382198016412,0.8109122595243351,1.3814723915363276,133.24540003324455,0.0,2018-07-08,"{""type"":""MultiPoint"",""coordinates"":[]}"
2018_07_09,0.29848088495643305,2.3000000000000003,0.10043206714727695,1.169177387573798,2.0,44.27030528540809,0.0,2018-07-09,"{""type"":""MultiPoint"",""coordinates"":[]}"
2018_07_10,0.19090111101612536,0.5,0.11564872566518813,0.8722983285887191,8.040769082780857E-4,616.5059345743787,0.0,2018-07-10,"{""type"":""MultiPoint"",""coordinates"":[]}"
2018_07_11,0.1886108953446413,0.5,0.18857001239047258,7.629367252919605E-4,0.0,44.23082079218941,0.0,2018-07-11,"{""type"":""MultiPoint"",""coordinates"":[]}"
2018_07_12,0.29900893305415005,0.5,0.29900893305415005,0.0,0.0,44.23156540141934,0.0,2018-07-12,"{""type"":""MultiPoint"",""coordinates"":[]}"
2018_07_13,0.3557118983263681,0.5,0.11471078830884288,0.9984564106181756,1.9969128212363512,44.23693668427615,0.0,2018-07-13,"{""type"":""MultiPoint"",""coordinates"":[]}"
2018_07_14,0.5981667620831305,0.5,0.31851951360879815,0.7179935470953179,1.230419337516923,174.893259728951,0.0,2018-07-14,"{""type"":""MultiPoint"",""coordinates"":[]}"
2018_07_15,0.3178996108696855,0.5,0.31783767102709537,4.894004213072314E-4,0.0,44.24088008507714,0.0,2018-07-15,"{""type"":""MultiPoint"",""coordinates"":[]}"
2018_07_16,0.24707777480193047,0.5,0.17804128986277332,0.7081134633342792,0.0,404.30147666445197,0.0,2018-07-16,"{""type"":""MultiPoint"",""coordinates"":[]}"
2018_07_17,0.22125441336499546,0.5,0.16750218064835648,0.3904423613095036,0.4750262593692206,49.03843751159392,0.0,2018-07-17,"{""type"":""MultiPoint"",""coordinates"":[]}"
2018_07_18,0.3235739536227326,0.5,0.3233398057499051,8.454730054446816E-4,0.001643133672596184,44.415798576200025,0.0,2018-07-18,"{""type"":""MultiPoint"",""coordinates"":[]}"
2018_07_19,0.23184959829572038,0.5,0.12284755573296262,0.9489894513066915,1.8978788850249024,44.243576353630395,0.0,2018-07-19,"{""type"":""MultiPoint"",""coordinates"":[]}"
2018_07_20,0.23209131531672125,0.5,0.23179922368031042,0.0017898394242440074,0.0,42.00224133383378,0.0,2018-07-20,"{""type"":""MultiPoint"",""coordinates"":[]}"
2018_07_21,0.08308343863729413,0.5,0.10259949494862243,0.9058608202498654,0.0,583.7422629978361,0.0,2018-07-21,"{""type"":""MultiPoint"",""coordinates"":[]}"
2018_07_22,0.21823815065371943,0.5,0.1819549169384531,0.2685646112078438,0.06034963319301091,82.17315642442563,0.0,2018-07-22,"{""type"":""MultiPoint"",""coordinates"":[]}"
2018_07_23,0.3648570359988072,0.5,0.10461428812853284,1.2152131472068974,1.9906013964584353,451.50221246648897,0.0,2018-07-23,"{""type"":""MultiPoint"",""coordinates"":[]}"
2018_07_24,0.2742012613523419,24.57035844767443,0.09386435482047004,0.6603290855036514,0.9130859375664628,61.15563802859241,3.1901101082143136E-5,2018-07-24,"{""type"":""MultiPoint"",""coordinates"":[]}"
2018_07_25,0.02969054706302147,62.1,0.07347251607831796,0.39919755595031864,5.025002750914157E-4,265.6184405628486,0.0,2018-07-25,"{""type"":""MultiPoint"",""coordinates"":[]}"
2018_07_26,0.04197366698203797,78.7,0.053455245510797327,0.0027597579994983416,0.0011153464180783468,48.8742681277563,9.25131931382151E-4,2018-07-26,"{""type"":""MultiPoint"",""coordinates"":[]}"
2018_07_27,0.04057910599912237,107.7665513922143,0.06260953688269556,0.20655381224726554,0.002008137469308801,157.57868134484912,1.7545605595178725E-4,2018-07-27,"{""type"":""MultiPoint"",""coordinates"":[]}"
2018_07_28,0.07437731731620745,107.17779263943184,0.07705536615862206,0.5665720934547273,0.04177037645907783,294.1211735802235,0.0,2018-07-28,"{""type"":""MultiPoint"",""coordinates"":[]}"
2018_07_29,0.05323062191751117,76.3283821062889,0.09801127699984252,1.459844989422306,1.9106200732263485,47.163527733850046,0.0,2018-07-29,"{""type"":""MultiPoint"",""coordinates"":[]}"
2018_07_30,0.04726922972983631,59.30023138608943,0.05253562226615169,0.0010884217830977082,0.0010480560716410567,43.86408979997543,0.0,2018-07-30,"{""type"":""MultiPoint"",""coordinates"":[]}"
2018_07_31,0.04321242406379916,46.02710215590864,0.07247497217955388,0.3569250315992996,0.0014858740713227035,212.17528097521114,0.0,2018-07-31,"{""type"":""MultiPoint"",""coordinates"":[]}"
2018_08_01,0.013961468799261741,35.5,0.08842337866010275,0.993490361395062,0.0,470.19086272400926,9.570330324642942E-5,2018-08-01,"{""type"":""MultiPoint"",""coordinates"":[]}"
2018_08_02,0.04402606868131537,26.899921072874644,0.056480597329980134,0.0034932643952625612,0.0015267780662853495,48.41888084807625,1.4355495486964413E-4,2018-08-02,"{""type"":""MultiPoint"",""coordinates"":[]}"
2018_08_03,0.28450198689109896,19.88180806867259,0.29450805865324337,0.0034460382554252693,0.0034008428778251596,45.060842968458616,1.9162553561793237E-4,2018-08-03,"{""type"":""MultiPoint"",""coordinates"":[]}"
2018_08_04,0.17789719004814145,13.803960690615,0.17848372568207935,0.006644874253053227,0.0028903330106784513,43.14028771916049,6.380220216428627E-5,2018-08-04,"{""type"":""MultiPoint"",""coordinates"":[]}"
2018_08_05,0.496092888516129,9.3,0.32974895775246815,0.48372596603884155,5.787005383994884E-4,361.6953980910385,5.915152203593852E-4,2018-08-05,"{""type"":""MultiPoint"",""coordinates"":[]}"
2018_08_06,0.26060165043015715,5.7,0.27217035364632386,0.02590450724402195,0.0017121534641970546,54.63833971908086,0.002366811495580651,2018-08-06,"{""type"":""MultiPoint"",""coordinates"":[]}"
2018_08_07,0.3340770817147351,3.098874973263228,0.33650698938032514,0.007762945294803755,0.01311635663904822,41.666018177750274,0.001239826910880704,2018-08-07,"{""type"":""MultiPoint"",""coordinates"":[]}"
2018_08_08,0.30052651672957137,0.5002965176069998,0.30041033570618136,4.583124855467898E-4,0.0,40.486465332356566,0.0,2018-08-08,"{""type"":""MultiPoint"",""coordinates"":[]}"
2018_08_09,0.45546765083873486,0.5,0.45332717823785135,0.007862151464051361,0.0,41.36312322788845,0.0,2018-08-09,"{""type"":""MultiPoint"",""coordinates"":[]}"
2018_08_10,0.323389904892562,0.5,0.3160121128203525,0.13838312959685148,0.0,52.91442329471193,0.0,2018-08-10,"{""type"":""MultiPoint"",""coordinates"":[]}"
2018_08_11,0.2547687293196668,0.5,0.25109961682216575,0.08078148005577011,0.0,43.185433286342864,0.0,2018-08-11,"{""type"":""MultiPoint"",""coordinates"":[]}"
2018_08_12,0.32662508848843974,0.5,0.3177163171016735,0.18836374185904933,2.743674694027142E-5,50.32737297748031,0.0,2018-08-12,"{""type"":""MultiPoint"",""coordinates"":[]}"
2018_08_13,0.39174374541978485,0.5,0.37565944792429806,0.05704945840375091,0.0,69.65185971847552,0.0,2018-08-13,"{""type"":""MultiPoint"",""coordinates"":[]}"
2018_08_14,0.6164378116622884,0.5,0.6142318566411966,0.004479665206076005,0.0,41.04765692980676,0.0,2018-08-14,"{""type"":""MultiPoint"",""coordinates"":[]}"
2018_08_15,0.3090725923889831,0.5,0.3078139657493848,0.0077799904909701964,0.0,41.48559580842307,0.0,2018-08-15,"{""type"":""MultiPoint"",""coordinates"":[]}"
2018_08_16,0.37110748368428526,0.5,0.25482519371093787,0.5529353735609577,0.002076803793129688,311.41130777689807,0.0,2018-08-16,"{""type"":""MultiPoint"",""coordinates"":[]}"
2018_08_17,0.23442384349105003,0.5,0.2343801170276333,5.979892673437029E-4,0.0,42.36044954031073,0.0,2018-08-17,"{""type"":""MultiPoint"",""coordinates"":[]}"
2018_08_18,0.2673210691611417,0.5,0.23836846448483967,0.15556043385247834,0.0,137.82716321210455,0.0,2018-08-18,"{""type"":""MultiPoint"",""coordinates"":[]}"
2018_08_19,0.4854789587054873,0.5,0.4854789587054873,0.0,0.0,40.64258819513141,0.0,2018-08-19,"{""type"":""MultiPoint"",""coordinates"":[]}"
2018_08_20,0.3711947332844877,0.5,0.3711947332844877,0.0,0.0,40.68750463269911,0.0,2018-08-20,"{""type"":""MultiPoint"",""coordinates"":[]}"
2018_08_21,0.20536313566312275,0.5,0.20536313566312275,0.0,0.0,44.303419816803846,0.0,2018-08-21,"{""type"":""MultiPoint"",""coordinates"":[]}"
2018_08_22,0.13187404216672527,0.5,0.13836646605535005,0.743670030631212,1.7119810854765815E-4,437.150478879676,1.5954573886961922E-4,2018-08-22,"{""type"":""MultiPoint"",""coordinates"":[]}"
2018_08_23,0.1311441668832183,47.51078770083268,0.128133982434887,0.003900987165796818,9.984996510795045E-4,49.691895530078675,0.009226686496221123,2018-08-23,"{""type"":""MultiPoint"",""coordinates"":[]}"
2018_08_24,0.31217153870412556,67.03004853163735,0.3046007676663545,0.0049727904127403475,0.0021293163404193004,40.334153221160754,5.104525139481524E-4,2018-08-24,"{""type"":""MultiPoint"",""coordinates"":[]}"
2018_08_25,0.10086671224324904,87.22526933584153,0.09661945237165513,0.07623667890841658,0.0013549221470629856,91.37379361132132,7.977286943480961E-5,2018-08-25,"{""type"":""MultiPoint"",""coordinates"":[]}"
2018_08_26,0.048095259011328606,120.2,0.12456168519814498,1.0467599154157317,0.0,543.6654999076466,0.0,2018-08-26,"{""type"":""MultiPoint"",""coordinates"":[]}"
2018_08_27,0.043438156185334226,94.5,0.121170978368228,1.9047697762809008,0.004432552089475661,502.73502934626043,0.0,2018-08-27,"{""type"":""MultiPoint"",""coordinates"":[]}"
2018_08_28,0.038047526295418625,71.5,0.03868552750821029,0.006924003515637589,0.0021774860832415263,42.13696845264834,0.0,2018-08-28,"{""type"":""MultiPoint"",""coordinates"":[]}"
2018_08_29,0.04760742863817149,55.69931096898434,0.04031890386156359,0.001690840713757656,0.0016589845027653854,40.25578016224193,0.0,2018-08-29,"{""type"":""MultiPoint"",""coordinates"":[]}"
2018_08_30,0.06542576870373554,42.307699489573885,0.061882208778208984,0.07731455115013297,0.0014386783741289616,80.87506257869232,0.0,2018-08-30,"{""type"":""MultiPoint"",""coordinates"":[]}"
2018_08_31,0.0840064484439296,32.035121469825356,0.08202868367260921,0.1331702004223,0.0015320939923005937,124.23267130715685,0.0,2018-08-31,"{""type"":""MultiPoint"",""coordinates"":[]}"
2018_09_01,0.06296658562002616,23.57932606318739,0.0610719680668185,0.004469971067475373,0.0011541254927715434,40.405246114164555,0.0,2018-09-01,"{""type"":""MultiPoint"",""coordinates"":[]}"
2018_09_02,0.116474775986453,16.7,0.11092987907051984,0.018936890431651834,0.0013452389808446905,41.290242823924686,0.0,2018-09-02,"{""type"":""MultiPoint"",""coordinates"":[]}"
2018_09_03,0.2290090328005649,11.19498831794656,0.2190981738010203,0.004038916021223514,0.0016937425238872244,40.372851008840115,0.0,2018-09-03,"{""type"":""MultiPoint"",""coordinates"":[]}"
2018_09_04,0.264839660214331,6.998951715672626,0.2543005136053621,0.015318893609740222,0.002313829238719028,40.935044018202746,0.0,2018-09-04,"{""type"":""MultiPoint"",""coordinates"":[]}"
2018_09_05,0.2763854420747479,3.813762537433484,0.27249938107895055,0.0029376750212846254,0.0018310961422319965,40.237132769117565,0.0,2018-09-05,"{""type"":""MultiPoint"",""coordinates"":[]}"
2018_09_06,0.1869316369117152,1.7000000000000002,0.17002898454970514,0.3293283703137963,0.001080934084837714,180.5702643344491,0.0,2018-09-06,"{""type"":""MultiPoint"",""coordinates"":[]}"
2018_09_07,0.11564476116240048,0.5,0.11499356806738187,0.023068718383158295,0.0,55.36813392957698,0.0,2018-09-07,"{""type"":""MultiPoint"",""coordinates"":[]}"
2018_09_08,0.2388652462049985,0.5,0.09375932321192582,1.0162273658169498,0.0,646.4731056720233,0.0,2018-09-08,"{""type"":""MultiPoint"",""coordinates"":[]}"
2018_09_09,0.2844139941643149,0.5,0.2839550484511949,0.004609182545508668,0.0,42.14762185345182,0.0,2018-09-09,"{""type"":""MultiPoint"",""coordinates"":[]}"
2018_09_10,0.22062562695189966,0.5,0.2181412042988182,0.01884194507528533,0.0,42.563873432680815,0.0,2018-09-10,"{""type"":""MultiPoint"",""coordinates"":[]}"
2018_09_11,0.24845778199388968,0.5,0.18540736001808342,0.43979640086711935,0.002621586761994445,170.18882369586314,0.0,2018-09-11,"{""type"":""MultiPoint"",""coordinates"":[]}"
2018_09_12,0.12820935043605636,0.5,0.11939073753919284,1.2835140605939006,0.0,615.1849246795808,0.0,2018-09-12,"{""type"":""MultiPoint"",""coordinates"":[]}"
2018_09_13,,0.5,0.10916747244542575,2.2835140605939332,,694.068519701823,0.0,2018-09-13,"{""type"":""MultiPoint"",""coordinates"":[]}"
2018_09_14,0.33629501994625116,0.5,0.11304000596372858,3.2495810594807266,0.0,529.3936257097758,0.0,2018-09-14,"{""type"":""MultiPoint"",""coordinates"":[]}"
2018_09_15,0.24449619897258956,0.5,0.2023059685123683,1.9823505185471775,5.551915643438166E-5,283.6193851201169,0.0,2018-09-15,"{""type"":""MultiPoint"",""coordinates"":[]}"
2018_09_16,0.18039282616865843,0.5,0.18437120772000593,2.3462608657296943E-4,3.9104347762161574E-5,40.45107597177305,0.0,2018-09-16,"{""type"":""MultiPoint"",""coordinates"":[]}"
2018_09_17,0.12951440730454788,0.5,0.12800767876236646,0.11984953898320837,0.0,51.3830126646493,0.0,2018-09-17,"{""type"":""MultiPoint"",""coordinates"":[]}"
2018_09_18,0.07216156501863329,0.5,0.09664848680677757,0.34098593948430755,8.846032433903346E-4,69.11120434978315,0.0,2018-09-18,"{""type"":""MultiPoint"",""coordinates"":[]}"
2018_09_19,0.11453574188313247,0.5,0.11586284748140568,0.046325419186878755,2.5339379339030754E-5,42.53305445155562,0.0,2018-09-19,"{""type"":""MultiPoint"",""coordinates"":[]}"
2018_09_20,0.3104943707664575,0.5,0.30950101515692635,0.02003662982463665,2.516845988773646E-5,41.291750312172645,0.0,2018-09-20,"{""type"":""MultiPoint"",""coordinates"":[]}"
2018_09_21,0.17605511300265117,2.719205847007515,0.1759188224821437,0.0013535735351785652,4.468881143315244E-5,40.48964893837436,0.0,2018-09-21,"{""type"":""MultiPoint"",""coordinates"":[]}"
2018_09_22,0.05435448397190301,58.6,0.061233828283996566,0.14898221549905644,0.0011115440871178825,97.30203719574608,0.0,2018-09-22,"{""type"":""MultiPoint"",""coordinates"":[]}"
2018_09_23,0.021479433801089413,75.10000000000001,0.08762529161107356,0.943718238471135,1.3293186436782084E-4,471.9852336977623,0.0,2018-09-23,"{""type"":""MultiPoint"",""coordinates"":[]}"
2018_09_24,0.028268114143142432,100.09435228401877,0.08380277845085496,1.3408149439924153,0.0011856327835027866,478.40275232043183,0.0,2018-09-24,"{""type"":""MultiPoint"",""coordinates"":[]}"
2018_09_25,0.04984915488978793,116.64375494314608,0.05289510845144642,0.005724970362815082,0.00155143325432192,40.6916988508509,0.0,2018-09-25,"{""type"":""MultiPoint"",""coordinates"":[]}"
2018_09_26,0.05080394705630299,87.17288771696977,0.055136155881637644,0.010142698021680207,0.0014313805216365784,41.83801221025728,0.0,2018-09-26,"{""type"":""MultiPoint"",""coordinates"":[]}"
2018_09_27,0.0499023843115568,66.88106102613061,0.05790762521369742,0.20513174176552446,0.0012307216092220079,81.95995958800535,0.0,2018-09-27,"{""type"":""MultiPoint"",""coordinates"":[]}"
2018_09_28,0.043280276925430426,51.0,0.05315839930062266,0.09955713544072958,0.0012026554101891964,68.91100998553141,0.0,2018-09-28,"{""type"":""MultiPoint"",""coordinates"":[]}"
2018_09_29,0.047660639170598186,38.300000000000004,0.052392563209691295,0.11471207234117127,0.0014359192164443242,85.02186956009919,0.0,2018-09-29,"{""type"":""MultiPoint"",""coordinates"":[]}"
2018_09_30,0.047989074848193855,27.99941822115752,0.09000469700218236,0.9766710656450961,9.654190685655375E-4,538.8671355330368,0.0,2018-09-30,"{""type"":""MultiPoint"",""coordinates"":[]}"
2018_10_01,0.09051666912308183,19.415158859811495,0.08843963875361034,0.004779395950447806,0.0018345961829234392,40.61258431093165,1.5078636497089501E-5,2018-10-01,"{""type"":""MultiPoint"",""coordinates"":[]}"
2018_10_02,0.21447990753913201,13.174263492312793,0.17295608984974556,0.459174638609354,0.002234176149271788,304.7493265214726,6.851394562712805E-4,2018-10-02,"{""type"":""MultiPoint"",""coordinates"":[]}"
2018_10_03,0.26782842652906674,8.1,0.19015233660052305,0.6115631243497971,0.0019584039160751143,270.90516072591595,6.381829554784769E-5,2018-10-03,"{""type"":""MultiPoint"",""coordinates"":[]}"
2018_10_04,,4.7,0.09557999135995583,1.6094557128402258,,713.3971873337929,0.0,2018-10-04,"{""type"":""MultiPoint"",""coordinates"":[]}"
2018_10_05,0.35358581390236316,1.1934838861162198,0.328324507165146,0.16650962881997444,0.004085936386469825,145.62433260219092,0.008187918602267065,2018-10-05,"{""type"":""MultiPoint"",""coordinates"":[]}"
2018_10_06,0.3353418876681836,0.5,0.11063722496102497,1.1102262405502428,0.0,488.38990475902534,0.003134135264441725,2018-10-06,"{""type"":""MultiPoint"",""coordinates"":[]}"
2018_10_07,0.19347218509048983,0.5,0.14403488329373315,1.3004670466879344,6.947843021752009E-4,514.9150528745639,0.0029170279256662034,2018-10-07,"{""type"":""MultiPoint"",""coordinates"":[]}"
2018_10_08,0.17356320343035214,0.5,0.17274322992210378,0.021496254350946212,0.0,59.29835250254683,0.0029994286072706315,2018-10-08,"{""type"":""MultiPoint"",""coordinates"":[]}"
2018_10_09,0.15191344186184452,0.5,0.09660917952792727,1.0137436140644904,0.0,528.7142028711819,0.0050126768474577565,2018-10-09,"{""type"":""MultiPoint"",""coordinates"":[]}"
2018_10_10,0.6246999859423283,0.5,0.11072170169075113,1.9618560237354055,0.0,487.3953123272185,0.017626425529446297,2018-10-10,"{""type"":""MultiPoint"",""coordinates"":[]}"
2018_10_11,0.652257681740221,0.5,0.5039320511210044,0.7341392061598755,0.0,423.7319695405627,0.030626243616021155,2018-10-11,"{""type"":""MultiPoint"",""coordinates"":[]}"
2018_10_12,0.48928520169435036,0.5,0.48928520169435036,0.0,0.0,102.10577763610115,0.034956878071550415,2018-10-12,"{""type"":""MultiPoint"",""coordinates"":[]}"
2018_10_13,0.2841910489577607,0.5,0.2841910489577607,0.0,0.0,125.62782315012153,0.03930121469053555,2018-10-13,"{""type"":""MultiPoint"",""coordinates"":[]}"
2018_10_14,0.2811217850981212,0.5,0.27788198294115357,0.01823632822062317,0.0,136.5984115813958,0.031514663113699284,2018-10-14,"{""type"":""MultiPoint"",""coordinates"":[]}"
2018_10_15,0.18377460639809398,0.5,0.18375595444698783,2.0740946053050499E-4,0.0,93.95018381389944,0.031134850404754957,2018-10-15,"{""type"":""MultiPoint"",""coordinates"":[]}"
2018_10_16,0.3653871492207507,0.5,0.3653871492207507,0.0,0.0,91.41445812870948,0.013132898002878963,2018-10-16,"{""type"":""MultiPoint"",""coordinates"":[]}"
2018_10_17,0.4270024502141921,0.5,0.4269330975637003,2.152303300829373E-4,0.0,91.20585238797202,0.006353080038310025,2018-10-17,"{""type"":""MultiPoint"",""coordinates"":[]}"
2018_10_18,0.2957406262406743,0.5,0.2957406262406743,0.0,0.0,79.5429497598312,0.001805150543136007,2018-10-18,"{""type"":""MultiPoint"",""coordinates"":[]}"
2018_10_19,0.22580030566102127,0.5,0.2250478012390113,0.008885477599387608,0.0,70.97986473337039,8.461868020949667E-4,2018-10-19,"{""type"":""MultiPoint"",""coordinates"":[]}"
2018_10_20,0.27589065298419135,0.5,0.27328767120745207,0.028453699904790086,2.5618541899046257E-5,59.099973330836434,4.457895644886419E-4,2018-10-20,"{""type"":""MultiPoint"",""coordinates"":[]}"
2018_10_21,0.14923559187326396,48.1287214300809,0.14490807193203054,0.0015725891661248785,0.0014027082397212122,54.67597008110853,0.005560200283084439,2018-10-21,"{""type"":""MultiPoint"",""coordinates"":[]}"
2018_10_22,0.07975037737262197,65.94073861242995,0.09091048974614882,0.11135895272926315,0.00144355969137608,84.33434304930672,0.001098957306029579,2018-10-22,"{""type"":""MultiPoint"",""coordinates"":[]}"
2018_10_23,0.10760558226335341,87.62376588651293,0.1584680181841118,0.9218704516755447,0.011104731255144808,437.5138291587416,0.001543307830520573,2018-10-23,"{""type"":""MultiPoint"",""coordinates"":[]}"
2018_10_24,0.6735623560554713,119.60000000000001,0.11223569356519318,0.8019184593012187,0.10624542492732031,317.15740122516587,0.002675394339974255,2018-10-24,"{""type"":""MultiPoint"",""coordinates"":[]}"
2018_10_25,0.2843660309463012,109.45998245628448,0.17149320535152476,1.6581568306458376,0.0058910842482803255,694.5664386153619,8.144027882338817E-4,2018-10-25,"{""type"":""MultiPoint"",""coordinates"":[]}"
2018_10_26,0.378138151056199,81.20322925265236,0.16570227814505087,1.1773733797309025,0.05303807105690748,258.91174952695746,0.004612936562893836,2018-10-26,"{""type"":""MultiPoint"",""coordinates"":[]}"
2018_10_27,0.13858988266884395,61.65039738629725,0.1011438266540328,0.4099130460081569,0.009037420583907326,145.52636019390542,0.0018519506265377626,2018-10-27,"{""type"":""MultiPoint"",""coordinates"":[]}"
2018_10_28,0.09216834121002171,45.392944931132426,0.0950670899295932,0.27512949404762316,0.0014203938568783743,146.78011227953607,4.6712489662767724E-4,2018-10-28,"{""type"":""MultiPoint"",""coordinates"":[]}"
2018_10_29,0.12357715441076406,32.6,0.12433045941535992,0.7743879661218825,0.003327842159972801,427.1015226138316,3.373297455355106E-4,2018-10-29,"{""type"":""MultiPoint"",""coordinates"":[]}"
2018_10_30,0.17317136613898537,22.72922414318639,0.17449977843708148,0.5101695236042572,0.00600642128001005,242.77230210893637,0.002315227655345643,2018-10-30,"{""type"":""MultiPoint"",""coordinates"":[]}"
2018_10_31,0.35682716472227877,15.200000000000001,0.182623562386628,1.3081386314823584,0.005725083209645456,474.1224681225407,4.06841634117529E-4,2018-10-31,"{""type"":""MultiPoint"",""coordinates"":[]}"
2018_11_01,0.47196936906145304,9.697114568368264,0.1910675943652248,2.1487909795967757,0.011968200632953433,587.4366727768785,2.850863369252627E-4,2018-11-01,"{""type"":""MultiPoint"",""coordinates"":[]}"
2018_11_02,0.45887395322444885,5.501796998068691,0.4393489562366713,0.1836172178633115,0.002132348965324306,141.90455742403475,0.0056662199907372085,2018-11-02,"{""type"":""MultiPoint"",""coordinates"":[]}"
2018_11_03,0.45283289466049315,2.533888403391669,0.43310189742524247,0.09139361795146461,0.001796963122508934,67.11738208592533,0.005793105778355872,2018-11-03,"{""type"":""MultiPoint"",""coordinates"":[]}"
2018_11_04,,0.5,0.17285052469404014,1.089657697745606,,747.3460616838665,0.009389172882042458,2018-11-04,"{""type"":""MultiPoint"",""coordinates"":[]}"
2018_11_05,0.26374015659096434,0.5,0.2261821137435361,0.641796885448202,0.0,209.37751227837828,0.01275696444523266,2018-11-05,"{""type"":""MultiPoint"",""coordinates"":[]}"
2018_11_06,0.26751725937344367,0.5,0.26845626353547875,0.18939959340863644,3.154611744296747E-5,108.44032872053694,0.01419719321505217,2018-11-06,"{""type"":""MultiPoint"",""coordinates"":[]}"
2018_11_07,0.49329766954934273,0.5,0.4190488162575902,0.25578982883401785,0.0,160.9669602360448,0.01654407975034606,2018-11-07,"{""type"":""MultiPoint"",""coordinates"":[]}"
2018_11_08,0.49598420118456393,0.5,0.4830853345400051,0.04492779851438098,0.0,117.64722991839643,0.02021453896521544,2018-11-08,"{""type"":""MultiPoint"",""coordinates"":[]}"
2018_11_09,0.5205343792896477,0.5,0.5144193239815401,0.016573016967690063,0.0,98.14528904448323,0.023508532803308894,2018-11-09,"{""type"":""MultiPoint"",""coordinates"":[]}"
2018_11_10,0.4890931344944472,0.5,0.3189118003625419,0.5438249151318383,0.0013890299862762533,395.837823633469,0.024509510255585593,2018-11-10,"{""type"":""MultiPoint"",""coordinates"":[]}"
2018_11_11,0.5980543857417164,0.5,0.5951612896237491,0.010633473227834441,0.0,91.8419150118655,0.06914731092696302,2018-11-11,"{""type"":""MultiPoint"",""coordinates"":[]}"
2018_11_12,0.4764012163408964,0.5,0.4733555097574517,0.012675033015801383,0.0,184.50024552838488,0.07652608236533505,2018-11-12,"{""type"":""MultiPoint"",""coordinates"":[]}"
2018_11_13,0.520237305346322,0.5,0.5200897578521687,9.703509271093818E-4,0.0,157.17991143960742,0.061699778403485506,2018-11-13,"{""type"":""MultiPoint"",""coordinates"":[]}"
2018_11_14,0.3178575784122652,0.5,0.3071117496180255,0.08770154185315297,0.0,167.45201475767365,0.019258891272864596,2018-11-14,"{""type"":""MultiPoint"",""coordinates"":[]}"
2018_11_15,0.19287719610839174,0.5,0.22082966409238117,0.38921489575327967,0.0016065494759049865,295.7263335091045,0.01101240999938889,2018-11-15,"{""type"":""MultiPoint"",""coordinates"":[]}"
2018_11_16,0.22517919511300918,0.5,0.22085187463287861,0.08675502893643959,0.0,137.7301465271235,0.012055620147248737,2018-11-16,"{""type"":""MultiPoint"",""coordinates"":[]}"
2018_11_17,0.4879515480449877,0.5,0.3656180613149224,0.4383699368277134,7.501846233586423E-4,386.7842205510401,0.0695527135210828,2018-11-17,"{""type"":""MultiPoint"",""coordinates"":[]}"
2018_11_18,0.4331975518132232,1.1857808238847696,0.4254707491397692,0.010131717520828592,2.981784300480901E-4,293.93589771304596,0.049215418187372385,2018-11-18,"{""type"":""MultiPoint"",""coordinates"":[]}"
2018_11_19,0.17902720925559323,43.68974887978785,0.17779538585186908,0.0017241263345728075,0.00149659670679896,269.93334754647003,0.12013365553230816,2018-11-19,"{""type"":""MultiPoint"",""coordinates"":[]}"
2018_11_20,0.139184088170328,58.400000000000006,0.14945504614102592,0.03861710758904529,0.0014856847089496346,147.15850972392658,0.024707878790913497,2018-11-20,"{""type"":""MultiPoint"",""coordinates"":[]}"
2018_11_21,0.10234302369266603,78.0,0.12866327423809107,0.205826798084393,0.003624722964652211,143.1960057880737,0.01626647016471293,2018-11-21,"{""type"":""MultiPoint"",""coordinates"":[]}"
2018_11_22,,106.4,0.21489974799986764,1.202758670958976,,627.7721841389624,0.034117073099010374,2018-11-22,"{""type"":""MultiPoint"",""coordinates"":[]}"
2018_11_23,4.886151153995191,138.09795728593826,0.179782101669229,1.2602785387049606,0.5041193648941676,143.00228090968486,0.42709946941657373,2018-11-23,"{""type"":""MultiPoint"",""coordinates"":[]}"
2018_11_24,5.612259403817596,100.39698343749711,0.20900651887205401,1.1300297146117964,0.6812089858306566,241.00159361167013,0.48496836692892636,2018-11-24,"{""type"":""MultiPoint"",""coordinates"":[]}"
2018_11_25,2.2469611148348614,74.08325136686773,0.24379391227915423,1.1822940518689513,0.40222574448573106,522.67354379713,0.4510950546921269,2018-11-25,"{""type"":""MultiPoint"",""coordinates"":[]}"
2018_11_26,1.1017513950110291,53.800000000000004,0.2975846586269482,0.5784359856352667,0.2028901461566385,579.7409326324859,0.5004726777140152,2018-11-26,"{""type"":""MultiPoint"",""coordinates"":[]}"
2018_11_27,0.6702420413860897,38.397949427440466,0.21608355468971369,1.1885723643943467,0.13269002750310857,834.2890222990659,0.4350114677410281,2018-11-27,"{""type"":""MultiPoint"",""coordinates"":[]}"
2018_11_28,0.7301507704448555,26.55035986172132,0.2651229563776599,1.6344488656689085,0.14551056759465225,919.6701177244748,0.5139466594798144,2018-11-28,"{""type"":""MultiPoint"",""coordinates"":[]}"
2018_11_29,1.190799511407295,17.44348841436801,0.27212383653441385,1.959552308400106,0.3355403598260548,978.2985137063602,0.5874899247648033,2018-11-29,"{""type"":""MultiPoint"",""coordinates"":[]}"
2018_11_30,0.8392299687949656,11.100000000000001,0.32304497720332953,1.9784653608213212,0.13803011150405867,805.5679346225778,0.6854782876237419,2018-11-30,"{""type"":""MultiPoint"",""coordinates"":[]}"
2018_12_01,0.276726487309559,6.7,0.254346269555815,0.2838176980334234,0.0018841729098940624,596.8748578596536,0.8054090072328944,2018-12-01,"{""type"":""MultiPoint"",""coordinates"":[]}"
2018_12_02,0.40945420689385337,0.5,0.25138182379473795,0.8483592206722607,0.0023271977858188454,1030.7598887622555,0.8869560565674097,2018-12-02,"{""type"":""MultiPoint"",""coordinates"":[]}"
2018_12_03,0.4217573525192241,0.5,0.27753927818152485,1.2566627317265038,0.0018597099561294653,731.198188561516,0.8593224217604101,2018-12-03,"{""type"":""MultiPoint"",""coordinates"":[]}"
2018_12_04,0.5621064222668231,0.5,0.39657197961657725,1.274941605477514,1.406199525236088E-4,1175.986702394535,0.9536945083887406,2018-12-04,"{""type"":""MultiPoint"",""coordinates"":[]}"
2018_12_05,0.7177277869444926,0.5,0.5061697837323444,0.7414946401234888,0.001148072743379953,1131.451579104002,0.9455939958245914,2018-12-05,"{""type"":""MultiPoint"",""coordinates"":[]}"
2018_12_06,0.37269580819746656,0.5,0.3413521871001507,0.2877676751260945,8.864109293252075E-4,1083.485130884642,0.9321423504622341,2018-12-06,"{""type"":""MultiPoint"",""coordinates"":[]}"
2018_12_07,0.30245189318229126,0.5,0.27727198575758866,0.11519530822907759,8.361273990076994E-4,1066.9802954443496,0.9329890690834588,2018-12-07,"{""type"":""MultiPoint"",""coordinates"":[]}"
2018_12_08,0.27246284301855506,0.5,0.23549712129837347,0.14097464614867397,0.001018549006536866,1098.741298680457,0.9400452765780103,2018-12-08,"{""type"":""MultiPoint"",""coordinates"":[]}"
2018_12_09,0.4144567371145677,0.5,0.25709078287784376,0.9421606028075961,0.0,1227.6032805732782,0.9423697328594272,2018-12-09,"{""type"":""MultiPoint"",""coordinates"":[]}"
2018_12_10,0.6031613034764757,0.5,0.24686375353922796,1.727542333975842,0.0,1243.276756891924,0.9512243649493008,2018-12-10,"{""type"":""MultiPoint"",""coordinates"":[]}"
2018_12_11,0.5393110443523949,0.5,0.4061596377509235,1.291707234820564,4.2853015258688474E-4,1160.216806016363,0.9460248944534523,2018-12-11,"{""type"":""MultiPoint"",""coordinates"":[]}"
2018_12_12,0.31514859199523926,0.5,0.21752892418913938,2.2909994774094886,0.0,1262.492427098998,0.936966763337826,2018-12-12,"{""type"":""MultiPoint"",""coordinates"":[]}"
2018_12_13,0.21696483472876743,0.5,0.19314787740528197,0.25606196381097146,0.0010010092919137581,1080.775567978965,0.9418259947246643,2018-12-13,"{""type"":""MultiPoint"",""coordinates"":[]}"
2018_12_14,0.26601663141492743,0.5,0.20725486848945882,0.3875792078116161,0.0011026709862270573,1031.682713453864,0.9169810630157175,2018-12-14,"{""type"":""MultiPoint"",""coordinates"":[]}"
2018_12_15,0.2992452352281138,0.5,0.26493915485491176,0.44396282834552897,6.69628067105341E-4,958.7301040129246,0.891247430257787,2018-12-15,"{""type"":""MultiPoint"",""coordinates"":[]}"
2018_12_16,0.29006127806046583,0.5,0.26938749875852613,0.022340345160001145,8.496969574788622E-4,1075.0392766884938,0.8992574084359963,2018-12-16,"{""type"":""MultiPoint"",""coordinates"":[]}"
2018_12_17,,0.5,0.16437113738462752,1.0212890638747623,,1265.9296133628466,0.8717946127034992,2018-12-17,"{""type"":""MultiPoint"",""coordinates"":[]}"
2018_12_18,0.13935817449975274,36.7,0.12738204946234039,0.8432157788858747,0.001508802129279235,1147.4345632694012,0.9114452325621581,2018-12-18,"{""type"":""MultiPoint"",""coordinates"":[]}"
2018_12_19,0.15155073482147804,50.39407595713068,0.1368987687860067,0.07895546343266732,0.0011976058223169494,1082.9057048707743,0.8164078089192606,2018-12-19,"{""type"":""MultiPoint"",""coordinates"":[]}"
2018_12_20,0.272066896728275,69.2859290607987,0.17469247703913485,0.25780298322376977,0.026208651226521502,1107.6140502234796,0.7463869068632939,2018-12-20,"{""type"":""MultiPoint"",""coordinates"":[]}"
2018_12_21,0.4949732993971299,95.80000000000001,0.15190247718631014,0.9648753799182899,0.09495507473940305,1201.1739460557542,0.7655295487311324,2018-12-21,"{""type"":""MultiPoint"",""coordinates"":[]}"
2018_12_22,1.482333858560363,140.8,0.150383312141094,0.9033666809997334,0.22384595695832255,1112.913447406493,0.7341610420276337,2018-12-22,"{""type"":""MultiPoint"",""coordinates"":[]}"
2018_12_23,2.226015642642632,127.9,0.15952002933807594,1.4370584082872635,0.29479642816748614,1234.3892087642485,0.7561583638490601,2018-12-23,"{""type"":""MultiPoint"",""coordinates"":[]}"
2018_12_24,1.3718003717950367,89.04698314475777,0.15093059990708177,1.4858081406179953,0.23505618228929642,1131.5695059291195,0.8474890707258412,2018-12-24,"{""type"":""MultiPoint"",""coordinates"":[]}"
2018_12_25,1.0628301013800512,63.750378800816186,0.1778353381703318,1.6489067128244494,0.2057276845448262,1173.8986033647996,0.8351746736468416,2018-12-25,"{""type"":""MultiPoint"",""coordinates"":[]}"
2018_12_26,0.23526786839146085,44.24620684862621,0.17571352958838707,0.4132860619122111,0.01640868153093583,1083.6932578630333,0.7278438441388292,2018-12-26,"{""type"":""MultiPoint"",""coordinates"":[]}"
2018_12_27,0.21876954484954458,30.400000000000002,0.21714476040408687,0.2911297730962503,0.0014935302395113774,1102.327325664649,0.9190838132870603,2018-12-27,"{""type"":""MultiPoint"",""coordinates"":[]}"
2018_12_28,0.34763536783629745,20.400000000000002,0.3192871842907512,0.045613626207173144,0.0018285830569920228,1078.3966775069616,0.8763544612038701,2018-12-28,"{""type"":""MultiPoint"",""coordinates"":[]}"
2018_12_29,,13.3,0.16437113738462752,1.0425586381425995,,1265.929536718326,0.8893119840279043,2018-12-29,"{""type"":""MultiPoint"",""coordinates"":[]}"
2018_12_30,0.17807613120665652,8.200000000000001,0.16517319080252224,2.017279835874362,0.0,1262.090978110842,0.936716745779974,2018-12-30,"{""type"":""MultiPoint"",""coordinates"":[]}"
2018_12_31,0.1726109906862026,4.653178168326313,0.18532325243215728,1.4005478675539496,5.604736483510691E-4,1158.285809610984,0.8164937446338991,2018-12-31,"{""type"":""MultiPoint"",""coordinates"":[]}"
2019_01_01,0.2065524914545889,0.5,0.18432921357168042,0.027320612324033548,6.34509011958318E-4,1077.5685052957951,0.9523146880153437,2019-01-01,"{""type"":""MultiPoint"",""coordinates"":[]}"
2019_01_02,0.19077432512547435,0.5,0.17546956976746544,0.059403821370716994,5.546642322001776E-4,1082.1484642550006,0.9511546027928922,2019-01-02,"{""type"":""MultiPoint"",""coordinates"":[]}"
2019_01_03,0.2801327478419302,0.5,0.24486490171490943,0.1243755387601575,6.381552690653859E-4,1089.734274507243,0.9626425216610699,2019-01-03,"{""type"":""MultiPoint"",""coordinates"":[]}"
2019_01_04,0.3267698926120442,0.5,0.2626106746236819,0.27462651828496865,5.755723053040761E-4,1104.8149281004494,0.985838407383151,2019-01-04,"{""type"":""MultiPoint"",""coordinates"":[]}"
2019_01_05,0.38173293311594253,0.5,0.14613140814318648,1.223636450945716,0.0,1256.2166170641508,0.9911911669222268,2019-01-05,"{""type"":""MultiPoint"",""coordinates"":[]}"
2019_01_06,0.2868811323515118,0.5,0.13807116570872138,2.2078720806062684,0.0,1263.3404106363669,0.9834593301487786,2019-01-06,"{""type"":""MultiPoint"",""coordinates"":[]}"
2019_01_07,0.43194250650351385,0.5,0.19687685627693274,2.637566952509097,6.288910665078768E-4,1227.1286854948808,0.9853556407474182,2019-01-07,"{""type"":""MultiPoint"",""coordinates"":[]}"
2019_01_08,0.4120235237643616,0.5,0.3392712632431337,0.6720774466300159,9.980453936857987E-4,1090.602294987296,0.9852054800520115,2019-01-08,"{""type"":""MultiPoint"",""coordinates"":[]}"
2019_01_09,,0.5,0.14606404828820316,1.669044638551519,,1261.0388693776229,0.9871982376139714,2019-01-09,"{""type"":""MultiPoint"",""coordinates"":[]}"
2019_01_10,0.20483276395884767,0.5,0.1512484879448585,2.567826350417882,0.0,1254.6335126450645,0.9749598906704997,2019-01-10,"{""type"":""MultiPoint"",""coordinates"":[]}"
2019_01_11,0.17717773880828952,0.5,0.19185563357239288,1.7870651889812312,1.0030730216161755E-4,1151.0653777456912,0.9594219501463338,2019-01-11,"{""type"":""MultiPoint"",""coordinates"":[]}"
2019_01_12,0.15843954603927218,0.5,0.17307766455666534,2.3131063539716274,2.577637696863757E-4,1176.1164685771264,0.9541239992610817,2019-01-12,"{""type"":""MultiPoint"",""coordinates"":[]}"
2019_01_13,0.2090672298614958,0.5,0.17716028885929508,0.9663940050845377,7.686918027022099E-4,1095.0298785685347,0.9479663471111476,2019-01-13,"{""type"":""MultiPoint"",""coordinates"":[]}"
2019_01_14,0.27724718156801464,0.5,0.2556877193908537,0.09038741615832666,0.0010080798423154139,1076.3241876815207,0.9477936310279516,2019-01-14,"{""type"":""MultiPoint"",""coordinates"":[]}"
2019_01_15,0.3333699229423297,0.5,0.30418438912311896,0.1557305622845496,6.15591456433557E-4,1083.3906196803919,0.9558854467851583,2019-01-15,"{""type"":""MultiPoint"",""coordinates"":[]}"
2019_01_16,0.2970806230810422,9.904868553871635,0.24625797951306305,0.29585185771461175,6.47907702774993E-4,1114.15589577038,0.9668084798873025,2019-01-16,"{""type"":""MultiPoint"",""coordinates"":[]}"
2019_01_17,,43.7,0.13068109256112542,1.2951931215139534,,1264.8694647131465,0.9800799011316947,2019-01-17,"{""type"":""MultiPoint"",""coordinates"":[]}"
2019_01_18,0.11656870982625753,60.7,0.13103707902797207,2.2617951304450785,1.8460444509271255E-4,1254.7765293202644,0.978209712237361,2019-01-18,"{""type"":""MultiPoint"",""coordinates"":[]}"
2019_01_19,,84.10000000000001,0.13068109256112542,3.2617900625216536,,1265.9285492240526,0.9860275785758855,2019-01-19,"{""type"":""MultiPoint"",""coordinates"":[]}"
2019_01_20,0.14625708177251046,118.9,0.1216817374496141,3.714504475179797,0.01781873757889949,1107.9798585080098,0.9838346693203399,2019-01-20,"{""type"":""MultiPoint"",""coordinates"":[]}"
2019_01_21,,164.5804802515434,0.13068109256112542,4.705067939111934,,1240.638837468513,0.9787503533077813,2019-01-21,"{""type"":""MultiPoint"",""coordinates"":[]}"
2019_01_22,0.45187240865381056,104.102828445437,0.12106904955164907,0.9423482723934192,0.05762863848106424,1073.9800911319483,0.9588938224671973,2019-01-22,"{""type"":""MultiPoint"",""coordinates"":[]}"
2019_01_23,0.8515914036744064,73.5,0.13121996598408253,1.6074780964817297,0.13143322676607455,1143.754932677228,0.9789156864901194,2019-01-23,"{""type"":""MultiPoint"",""coordinates"":[]}"
2019_01_24,0.2329486365520754,51.400000000000006,0.1646599911860221,0.30553206079444617,0.016947474533107805,1080.40743846036,0.9594789799271101,2019-01-24,"{""type"":""MultiPoint"",""coordinates"":[]}"
2019_01_25,0.07393595556149377,35.463565712745584,0.10243124104562996,0.430034360208298,5.696371330948311E-4,1121.0215295087346,0.9432975069726927,2019-01-25,"{""type"":""MultiPoint"",""coordinates"":[]}"
2019_01_26,0.19911765077306087,23.871058227817283,0.17406200047505108,0.4650817413823129,0.0017643387220784466,1114.0460566003037,0.8869064722544459,2019-01-26,"{""type"":""MultiPoint"",""coordinates"":[]}"
2019_01_27,0.09842305589807125,15.5,0.1307506328595741,1.41258302830641,0.0,1255.9557956945384,0.9585288068434463,2019-01-27,"{""type"":""MultiPoint"",""coordinates"":[]}"
2019_01_28,0.17099597248890047,9.9,0.16950602503001913,1.3868226794580751,3.1168480241857604E-5,1163.2528919151653,0.9572685519237675,2019-01-28,"{""type"":""MultiPoint"",""coordinates"":[]}"
2019_01_29,0.11614849167939126,0.5,0.1310596519901376,2.3537605165278084,0.0,1260.537263768728,0.9597519595579684,2019-01-29,"{""type"":""MultiPoint"",""coordinates"":[]}"
2019_01_30,0.18680682217364442,0.5,0.16149686228128185,0.1948350351806268,0.0011871727002946955,1080.4426039679536,0.9622664942529883,2019-01-30,"{""type"":""MultiPoint"",""coordinates"":[]}"
2019_01_31,0.139456225460551,0.5,0.11771369447466311,0.05475318821658023,8.744439195689203E-4,1080.705587839285,0.9616887822608892,2019-01-31,"{""type"":""MultiPoint"",""coordinates"":[]}"
2019_02_01,0.2316288836707424,0.5,0.20220316178220937,0.04668930860541454,8.001793876742484E-4,1077.1999954952294,0.9704513783578695,2019-02-01,"{""type"":""MultiPoint"",""coordinates"":[]}"
2019_02_02,0.24824528903063917,0.5,0.14718507803482922,0.6676706994719825,0.001427292592387469,1171.5811672210277,0.9722464243375437,2019-02-02,"{""type"":""MultiPoint"",""coordinates"":[]}"
2019_02_03,0.2742672716031954,0.5,0.08670601675297346,1.6036984892113528,0.0,1252.174355400067,0.9798368910729615,2019-02-03,"{""type"":""MultiPoint"",""coordinates"":[]}"
2019_02_04,,0.5,0.07805064916079879,2.603698489211426,,1259.774949348213,0.9939439878707701,2019-02-04,"{""type"":""MultiPoint"",""coordinates"":[]}"
2019_02_05,0.301442200935126,0.5,0.1569182661152945,2.3524774246689906,0.0024806008525421323,1182.2852716603013,0.9932637286370997,2019-02-05,"{""type"":""MultiPoint"",""coordinates"":[]}"
2019_02_06,0.33110076780597525,0.5,0.2923687154895843,0.2503994665541408,0.0010894815343973855,969.9281549896596,0.9819732710833834,2019-02-06,"{""type"":""MultiPoint"",""coordinates"":[]}"
2019_02_07,0.29155037176805965,0.5,0.2540783293347466,0.19655146577955607,7.593261410633052E-4,1093.299028100587,0.9962733556582664,2019-02-07,"{""type"":""MultiPoint"",""coordinates"":[]}"
2019_02_08,0.23940429801248556,0.5,0.18633629516091677,0.25799881779736183,7.893440215127039E-4,1104.3479240206125,0.9966223541411742,2019-02-08,"{""type"":""MultiPoint"",""coordinates"":[]}"
2019_02_09,0.3353898091317223,0.5,0.19476510147780116,0.6447780757876745,0.0014874132980356928,1155.3028752176,0.99895137781041,2019-02-09,"{""type"":""MultiPoint"",""coordinates"":[]}"
2019_02_10,0.3025885782078459,0.5,0.09782388317299334,1.6309136449303752,0.0,1246.7731609656205,0.9987479726350902,2019-02-10,"{""type"":""MultiPoint"",""coordinates"":[]}"
2019_02_11,0.3269770214258998,0.5,0.3017894970581402,0.06232119341464308,8.975221309633125E-4,1076.2063916213342,0.998859654652299,2019-02-11,"{""type"":""MultiPoint"",""coordinates"":[]}"
2019_02_12,0.17220990388499471,0.5,0.12383203797285015,0.8541670922523162,1.9194640633069893E-4,1216.211018447764,0.9991065438623301,2019-02-12,"{""type"":""MultiPoint"",""coordinates"":[]}"
2019_02_13,,0.5,0.1014258996428958,1.8541283633062913,,1263.07337067438,0.9992501350273129,2019-02-13,"{""type"":""MultiPoint"",""coordinates"":[]}"
2019_02_14,0.15075811801543157,25.8,0.11400752590361361,2.1495773836720473,0.0016040816350990166,1207.877210721336,0.9936482338677753,2019-02-14,"{""type"":""MultiPoint"",""coordinates"":[]}"
2019_02_15,0.21096801806577103,37.483951556958026,0.15841585159838925,0.6198476150493074,0.0020367072026285207,1105.558705933942,0.8064048854782233,2019-02-15,"{""type"":""MultiPoint"",""coordinates"":[]}"
2019_02_16,0.22076854739653698,52.53161556492624,0.13719318001488132,0.27636362726299685,0.013207924697935306,1091.727506139037,0.8598970992551201,2019-02-16,"{""type"":""MultiPoint"",""coordinates"":[]}"
2019_02_17,0.1361322791092437,74.22659857400531,0.10077811662232421,0.4200378185968106,0.01675788777957467,1139.3003702243652,0.9359209253777947,2019-02-17,"{""type"":""MultiPoint"",""coordinates"":[]}"
2019_02_18,0.20801399863100214,102.62991712521273,0.08486276415647957,0.4043769965702393,0.027434314585216266,1098.9815689321808,0.9510712948904199,2019-02-18,"{""type"":""MultiPoint"",""coordinates"":[]}"
2019_02_19,0.3933161963429887,153.9,0.1063111568057666,0.47011788083843536,0.03581419870887763,1094.7429082779827,0.9826788073674464,2019-02-19,"{""type"":""MultiPoint"",""coordinates"":[]}"
2019_02_20,0.11050429412725156,121.90424106380786,0.09512954582160735,1.342556338806968,7.250016702256728E-4,1235.4280899669525,0.9994974309225608,2019-02-20,"{""type"":""MultiPoint"",""coordinates"":[]}"
2019_02_21,0.1819939646568824,83.517323976974,0.062306346941322976,0.6911629648666425,0.027422710355216137,1110.3201016838655,0.9795197391708712,2019-02-21,"{""type"":""MultiPoint"",""coordinates"":[]}"
2019_02_22,0.16553680687954886,57.95735047406338,0.10837714565109387,0.16718216103452593,0.007762991681092193,1081.3131499006226,0.9386069873838385,2019-02-22,"{""type"":""MultiPoint"",""coordinates"":[]}"
2019_02_23,0.11604135644813161,40.557782251695116,0.11421665420626005,0.42106329101251844,0.0014475142914337506,1133.5795727021502,0.9430402316478987,2019-02-23,"{""type"":""MultiPoint"",""coordinates"":[]}"
2019_02_24,0.0183604043990986,27.8,0.09492896682944026,1.1678870716490093,0.0,1213.9539095510809,0.996064945126433,2019-02-24,"{""type"":""MultiPoint"",""coordinates"":[]}"
2019_02_25,,18.900000000000002,0.1014258996428958,2.167887071649042,,1265.7136319164524,0.996257807769596,2019-02-25,"{""type"":""MultiPoint"",""coordinates"":[]}"
2019_02_26,,12.600000000000001,0.1014258996428958,3.167887071649042,,1242.7480280069449,0.9906994844952043,2019-02-26,"{""type"":""MultiPoint"",""coordinates"":[]}"
2019_02_27,0.44605182613794053,0.6649555657296712,0.11004171210836938,4.064767717828115,0.0,1261.5484988858084,0.9818229852540623,2019-02-27,"{""type"":""MultiPoint"",""coordinates"":[]}"
2019_02_28,0.14138380755428914,0.5,0.10149058265776195,5.0616007349116625,0.0,1259.4265206625669,0.9761610823833182,2019-02-28,"{""type"":""MultiPoint"",""coordinates"":[]}"
2019_03_01,0.23320832131055588,0.5,0.21087741348408082,0.28693556588919683,7.160868498713575E-4,912.8874734227769,0.9700553920906911,2019-03-01,"{""type"":""MultiPoint"",""coordinates"":[]}"
2019_03_02,0.2348001147224725,0.5,0.21677193035634548,0.010379858069988177,8.446928445639853E-4,1074.289182783312,0.9670656613616654,2019-03-02,"{""type"":""MultiPoint"",""coordinates"":[]}"
2019_03_03,0.25734601405578783,0.5,0.24100857518439045,0.008971131762725845,8.475090264868475E-4,1073.4292608449732,0.9632730401643874,2019-03-03,"{""type"":""MultiPoint"",""coordinates"":[]}"
2019_03_04,0.16095829090719835,0.5,0.15036042232916744,0.0018347447135224093,7.033919816947392E-4,1074.0161950187494,0.962004964375156,2019-03-04,"{""type"":""MultiPoint"",""coordinates"":[]}"
2019_03_05,0.2308145102286951,0.5,0.20934305113800314,0.056713567378592795,5.858341090269457E-4,1082.4846418300335,0.961739586629503,2019-03-05,"{""type"":""MultiPoint"",""coordinates"":[]}"
2019_03_06,0.295380627527602,0.5,0.15542813890186472,0.7123334330754866,1.5350850609834542E-4,1180.7000404026576,0.9592449169431464,2019-03-06,"{""type"":""MultiPoint"",""coordinates"":[]}"
2019_03_07,0.2249501511118598,0.5,0.14814990684375176,1.0178935551498802,0.0023754052619237723,1174.1408951548829,0.915961159059124,2019-03-07,"{""type"":""MultiPoint"",""coordinates"":[]}"
2019_03_08,0.18237427124306488,0.5,0.10382372499841827,1.9013564359734871,0.0,1249.5843057047052,0.9087259162187779,2019-03-08,"{""type"":""MultiPoint"",""coordinates"":[]}"
2019_03_09,0.3895351711473631,0.5,0.21128628508059494,1.7342493552866356,0.0014901544824200091,1190.9021749682213,0.8877397702635226,2019-03-09,"{""type"":""MultiPoint"",""coordinates"":[]}"
2019_03_10,0.32333188542014896,0.5,0.1934817039897893,1.4133396505104099,0.0013054845104069849,1124.9653054652272,0.846139720460226,2019-03-10,"{""type"":""MultiPoint"",""coordinates"":[]}"
2019_03_11,0.22555706898450484,0.5,0.20998269819381504,0.0021630022503770986,7.263346246123109E-4,1074.0508265799313,0.8333642674793728,2019-03-11,"{""type"":""MultiPoint"",""coordinates"":[]}"
2019_03_12,0.2479268512724859,0.5,0.23471936992206704,0.015100910333574824,6.146162566079445E-4,1075.1053692929074,0.8277340234885762,2019-03-12,"{""type"":""MultiPoint"",""coordinates"":[]}"
2019_03_13,0.0794346999772271,0.5,0.10525402200241699,1.0027663354111296,0.0,1261.731482832223,0.8491460314327017,2019-03-13,"{""type"":""MultiPoint"",""coordinates"":[]}"
2019_03_14,0.20242498496380412,0.5,0.19007379845028116,0.023472556803367628,5.619083586027821E-4,1075.6132113257297,0.7756274175285448,2019-03-14,"{""type"":""MultiPoint"",""coordinates"":[]}"
2019_03_15,0.20865276075667555,19.6852874615351,0.16915770881695671,0.1280373324515622,0.001440433462976324,1092.0080744534696,0.8119622389647889,2019-03-15,"{""type"":""MultiPoint"",""coordinates"":[]}"
2019_03_16,0.10341830545274092,32.66312593082147,0.0818977834484193,0.002370787038479656,0.0014618976073219583,1073.9661931349774,0.7965745906337978,2019-03-16,"{""type"":""MultiPoint"",""coordinates"":[]}"
2019_03_17,0.0207309457372826,46.300000000000004,0.09216050660264631,0.8208875147517262,0.0,1204.620268076926,0.7327340545301106,2019-03-17,"{""type"":""MultiPoint"",""coordinates"":[]}"
2019_03_18,0.11250040544287036,64.2,0.08678558827687642,0.09202651112021708,0.004894010108100256,1076.5035838977694,0.6337386483210408,2019-03-18,"{""type"":""MultiPoint"",""coordinates"":[]}"
2019_03_19,0.12445146291175012,87.70731753082963,0.05586745735146136,0.050296324926474775,0.013664330307869142,1073.9962586837553,0.5899397652268877,2019-03-19,"{""type"":""MultiPoint"",""coordinates"":[]}"
2019_03_20,0.29473121303781313,121.99287543813642,0.05096764118056266,0.08646847227603753,0.04526052681557842,1073.959200588303,0.5500275842069191,2019-03-20,"{""type"":""MultiPoint"",""coordinates"":[]}"
2019_03_21,0.3683315483343875,136.68632973612284,0.07843712307537622,0.6355279266827849,0.05850999632967173,1128.838117103806,0.6208683949432839,2019-03-21,"{""type"":""MultiPoint"",""coordinates"":[]}"
2019_03_22,0.1930081419225517,92.20919478976244,0.07872447156317604,0.8449688737212775,0.031294654298766635,1102.1568112500836,0.596298976826927,2019-03-22,"{""type"":""MultiPoint"",""coordinates"":[]}"
2019_03_23,0.48266919820524296,65.7,0.10982501587796753,1.486393204227494,0.08920588193804169,1175.2430339280647,0.7206843698827097,2019-03-23,"{""type"":""MultiPoint"",""coordinates"":[]}"
2019_03_24,0.09248844629647318,46.5192544396465,0.1080283879091064,2.0948337369162795,0.0,1223.440199300837,0.6784223929639772,2019-03-24,"{""type"":""MultiPoint"",""coordinates"":[]}"
2019_03_25,0.0542552936648768,32.83788430144392,0.05200192312445233,0.2565846481648995,9.560456296976269E-4,1082.0955550088368,0.4725427570848924,2019-03-25,"{""type"":""MultiPoint"",""coordinates"":[]}"
2019_03_26,,22.6,0.10382964936594094,1.253257837958161,,1199.4994042218516,0.646130116432421,2019-03-26,"{""type"":""MultiPoint"",""coordinates"":[]}"
2019_03_27,0.15702539502143456,15.35242300705905,0.10469332763468352,2.22985082004165,0.0,1197.011820493576,0.6211316766958975,2019-03-27,"{""type"":""MultiPoint"",""coordinates"":[]}"
2019_03_28,,10.5,0.10362174329725163,3.229850820041718,,1226.8465793472317,0.6351319091321398,2019-03-28,"{""type"":""MultiPoint"",""coordinates"":[]}"
2019_03_29,,0.5,0.10362172721250178,4.229851094402404,,1259.5542362270883,0.7028718795200767,2019-03-29,"{""type"":""MultiPoint"",""coordinates"":[]}"
2019_03_30,0.1692041910730262,0.5,0.13600954925337053,3.253340207356396,2.0944088669730103E-4,1101.0235631225255,0.5735831673614556,2019-03-30,"{""type"":""MultiPoint"",""coordinates"":[]}"
2019_03_31,0.2519462744231661,0.5,0.2472545141449023,0.0047921596095573775,2.591691818545503E-4,973.7099626147238,0.534779109706631,2019-03-31,"{""type"":""MultiPoint"",""coordinates"":[]}"
2019_04_01,0.3039911813976113,0.5,0.27078403438752796,0.08959763346744481,5.947879125886537E-4,968.1642195531292,0.5143505917504622,2019-04-01,"{""type"":""MultiPoint"",""coordinates"":[]}"
2019_04_02,0.06794868696634078,0.5,0.10582215707680628,0.9277392947546504,0.0,1173.437247329268,0.4745317293459911,2019-04-02,"{""type"":""MultiPoint"",""coordinates"":[]}"
2019_04_03,0.08899190352209617,0.5,0.10805339814066978,1.7490024246259805,0.0,1145.0159594228753,0.4547230622270699,2019-04-03,"{""type"":""MultiPoint"",""coordinates"":[]}"
2019_04_04,,0.5,0.10509019876525999,2.7490024246260383,,1198.8667254066618,0.4018870506890978,2019-04-04,"{""type"":""MultiPoint"",""coordinates"":[]}"
2019_04_05,0.11696383635146114,0.5,0.10563477736649979,3.7034624710099764,0.0,1056.9681914286666,0.3341389871755022,2019-04-05,"{""type"":""MultiPoint"",""coordinates"":[]}"
2019_04_06,0.16789002629706157,0.5,0.11429276539416493,4.234111160521831,0.0,790.0023593374027,0.23145741434858014,2019-04-06,"{""type"":""MultiPoint"",""coordinates"":[]}"
2019_04_07,0.2589183094669694,0.5,0.11983543573310629,4.996276609140106,0.0,1061.3905952792848,0.2509123591793847,2019-04-07,"{""type"":""MultiPoint"",""coordinates"":[]}"
2019_04_08,0.31241878718926724,0.5,0.29984132298231103,0.204426549599728,8.628328085198479E-5,718.2822542436946,0.23877208594010083,2019-04-08,"{""type"":""MultiPoint"",""coordinates"":[]}"
2019_04_09,,,,,,,,2019-04-09,"{""type"":""MultiPoint"",""coordinates"":[]}"
2019_04_10,0.2625530737329136,0.5,0.11581036136711674,2.151403239141289,0.0,817.6251148260395,0.18535482157844715,2019-04-10,"{""type"":""MultiPoint"",""coordinates"":[]}"
2019_04_11,0.20818354289448782,0.5,0.17570938445558024,1.5973829806304354,1.837343041046811E-4,544.5322871929868,0.13795119183013646,2019-04-11,"{""type"":""MultiPoint"",""coordinates"":[]}"
2019_04_12,0.35163245616999134,4.525782747819306,0.26118648997415345,0.6935081308106296,0.0033454291976479328,306.0637064258438,0.12633867086825082,2019-04-12,"{""type"":""MultiPoint"",""coordinates"":[]}"
2019_04_13,0.19135513365379872,0.5,0.18467063672802278,0.08309805290067837,0.0,619.9841206942109,0.1166018134093857,2019-04-13,"{""type"":""MultiPoint"",""coordinates"":[]}"
2019_04_14,0.16225794578591982,28.6,0.11000688623340693,1.0830023254573526,0.0,1078.9586365784855,0.11867099650861196,2019-04-14,"{""type"":""MultiPoint"",""coordinates"":[]}"
2019_04_15,0.09828448872421489,40.56183226081033,0.0978606307895134,1.2490018458816368,0.011045694430250493,941.9675837470959,0.20137953882209755,2019-04-15,"{""type"":""MultiPoint"",""coordinates"":[]}"
2019_04_16,,55.7,0.10999591393256364,2.2402583014229065,,931.2173478149164,0.08559976136963185,2019-04-16,"{""type"":""MultiPoint"",""coordinates"":[]}"
2019_04_17,0.07293030105576316,76.50807206008815,0.06332720536088515,0.0984980645694165,0.002814384645424659,389.1499747151638,0.06932628370580043,2019-04-17,"{""type"":""MultiPoint"",""coordinates"":[]}"
2019_04_18,0.06341831356953555,102.40301549914801,0.052365657991486084,0.02714016922171994,0.002820290446687826,593.9534331662682,0.06259849016549435,2019-04-18,"{""type"":""MultiPoint"",""coordinates"":[]}"
2019_04_19,0.09524829238255993,140.39849987295068,0.05926940588396883,0.02781839502930685,0.0097395182862279,312.1676797560607,0.05049675817136435,2019-04-19,"{""type"":""MultiPoint"",""coordinates"":[]}"
2019_04_20,,,,,,,,2019-04-20,"{""type"":""MultiPoint"",""coordinates"":[]}"
2019_04_21,0.5208003870135498,73.32258541034781,0.11484821492568556,1.4045370809329236,0.06837114087073745,910.0580003927346,0.04376480781869942,2019-04-21,"{""type"":""MultiPoint"",""coordinates"":[]}"
2019_04_22,0.1525089336165065,52.409924588826854,0.10087474112593374,0.5186130727334622,0.015187509982575063,662.0177654104903,0.036629344671945605,2019-04-22,"{""type"":""MultiPoint"",""coordinates"":[]}"
2019_04_23,0.05747204313457812,37.800000000000004,0.0914186088918952,0.8496304695298057,6.05386591966196E-4,444.7608856721689,0.03010794644543379,2019-04-23,"{""type"":""MultiPoint"",""coordinates"":[]}"
2019_04_24,,,,,,,,2019-04-24,"{""type"":""MultiPoint"",""coordinates"":[]}"
2019_04_25,0.2229265663515412,19.400000000000002,0.21019955501230506,0.047569139225102156,0.0017382183171517193,176.60260197891373,0.09290251167377396,2019-04-25,"{""type"":""MultiPoint"",""coordinates"":[]}"
2019_04_26,0.41835637149188454,3.1370075666273776,0.1783896894452576,0.7724892910818469,0.014872182568500364,750.2018288838965,0.06534896770852103,2019-04-26,"{""type"":""MultiPoint"",""coordinates"":[]}"
2019_04_27,0.23317171466825126,8.891341090380884,0.14724556894107801,1.3010923187215198,0.0,694.5125699408517,0.13625338706813728,2019-04-27,"{""type"":""MultiPoint"",""coordinates"":[]}"
2019_04_28,,,,,,,,2019-04-28,"{""type"":""MultiPoint"",""coordinates"":[]}"
2019_04_29,0.311071530295538,0.5,0.16180527496638444,0.8207876206713828,0.0,766.3578023744784,0.029009985607600753,2019-04-29,"{""type"":""MultiPoint"",""coordinates"":[]}"
2019_04_30,0.3387807768270573,0.5,0.2915311411127523,0.37027512347992486,0.0,686.2977037624282,0.036681160292835115,2019-04-30,"{""type"":""MultiPoint"",""coordinates"":[]}"
2019_05_01,0.29378886349141814,0.5,0.1736055866965932,0.6074848490099228,0.6031958974246956,506.42667241057154,0.035091993080089985,2019-05-01,"{""type"":""MultiPoint"",""coordinates"":[]}"
2019_05_02,,,,,,,,2019-05-02,"{""type"":""MultiPoint"",""coordinates"":[]}"
2019_05_03,0.33922136170543377,0.5,0.33922136170543377,0.0,0.0,874.9863797311203,0.016458122079759906,2019-05-03,"{""type"":""MultiPoint"",""coordinates"":[]}"
2019_05_04,0.2672584456861331,0.5,0.26585101209301415,0.007568724718061894,0.0,594.0868024547443,0.019096123335739342,2019-05-04,"{""type"":""MultiPoint"",""coordinates"":[]}"
2019_05_05,0.37778565602189806,0.5,0.15843709624573757,0.8511259431075756,0.004353769370596839,821.4672158952574,0.01980170150465077,2019-05-05,"{""type"":""MultiPoint"",""coordinates"":[]}"
2019_05_06,0.3437903394793301,0.5,0.341168037318658,0.014075012920725655,0.0057105911253534265,483.7476942468185,0.02182738536912723,2019-05-06,"{""type"":""MultiPoint"",""coordinates"":[]}"
2019_05_07,0.6469957896453854,0.5,0.20545553322678253,0.8540419539511988,0.5025951859232337,747.9056579355504,0.025586403225290186,2019-05-07,"{""type"":""MultiPoint"",""coordinates"":[]}"
2019_05_08,0.563897250953212,0.5,0.5260089213010409,0.14381275955221315,0.0,471.2475181412878,0.025799389988397443,2019-05-08,"{""type"":""MultiPoint"",""coordinates"":[]}"
2019_05_09,0.30788550044032575,0.5,0.28504607040492946,0.1623322869980743,0.0,377.3792011326565,0.02115834274155288,2019-05-09,"{""type"":""MultiPoint"",""coordinates"":[]}"
2019_05_10,0.3187045229143971,0.5,0.2711701544088132,0.40013225821202864,0.0,153.43266581426602,0.008733583208611905,2019-05-10,"{""type"":""MultiPoint"",""coordinates"":[]}"
2019_05_11,0.31994629219973536,0.5,0.31936727113086116,0.006699199951660761,0.0,418.67213305588905,0.010459714257459517,2019-05-11,"{""type"":""MultiPoint"",""coordinates"":[]}"
2019_05_12,0.35976220453213836,17.114291752686086,0.35234714549492363,0.010701818594201561,0.012437136962395477,169.6972197064534,0.11481425208588282,2019-05-12,"{""type"":""MultiPoint"",""coordinates"":[]}"
2019_05_13,0.4003678125518665,7.5314475581300355,0.21887601660654862,0.7183907783549676,1.3737331373799093,273.8533276194996,0.08338979098461506,2019-05-13,"{""type"":""MultiPoint"",""coordinates"":[]}"
2019_05_14,0.13366764723565608,36.50213444904549,0.16568788921283134,0.7181611834054866,0.003610785795388701,608.425191543429,0.07359638704471932,2019-05-14,"{""type"":""MultiPoint"",""coordinates"":[]}"
2019_05_15,,49.6,0.16169479798429578,1.7166152318750412,,788.5695255412263,0.012798690478566535,2019-05-15,"{""type"":""MultiPoint"",""coordinates"":[]}"
2019_05_16,,65.91040407824553,0.16169479798429578,2.716615231875093,,852.9762510064269,0.01297971358941305,2019-05-16,"{""type"":""MultiPoint"",""coordinates"":[]}"
2019_05_17,0.023063747602753672,86.10781603231457,0.16161728797245384,3.7121440736292413,1.6663648329490397,588.8590212780014,0.0074409943785884785,2019-05-17,"{""type"":""MultiPoint"",""coordinates"":[]}"
2019_05_18,1.234402630231759,118.73300214893258,0.16894377219567122,4.5661926892811024,1.7399605539179872,188.98248860990554,0.014837608695965622,2019-05-18,"{""type"":""MultiPoint"",""coordinates"":[]}"
2019_05_19,0.5048269785794235,115.95734441557448,0.15834575911162746,3.4253724093883395,1.6961448030313722,617.3286958723997,0.00837169336486536,2019-05-19,"{""type"":""MultiPoint"",""coordinates"":[]}"
2019_05_20,2.1536741844144323,80.60000000000001,0.1648065583556908,3.4673436872632486,0.460810508246884,619.7361078367669,0.00952879634205756,2019-05-20,"{""type"":""MultiPoint"",""coordinates"":[]}"
2019_05_21,,,,,,,,2019-05-21,"{""type"":""MultiPoint"",""coordinates"":[]}"
2019_05_22,,44.0,0.16169479798429578,5.196723706878074,,731.0931355148588,0.004538088006881342,2019-05-22,"{""type"":""MultiPoint"",""coordinates"":[]}"
2019_05_23,0.282160063582069,32.49077911183545,0.16169479798429578,6.19672370687815,2.0,506.6078299438776,0.005443453765828283,2019-05-23,"{""type"":""MultiPoint"",""coordinates"":[]}"
2019_05_24,0.07446990196734742,23.502107990354002,0.1603913056271353,7.0177156196989054,1.838749158030566,574.2671645282002,0.01564695839577316,2019-05-24,"{""type"":""MultiPoint"",""coordinates"":[]}"
2019_05_25,0.38238462311322935,17.0,0.16169479798429578,6.625347808010008,2.0,765.2426656710592,0.006708113494610185,2019-05-25,"{""type"":""MultiPoint"",""coordinates"":[]}"
2019_05_26,,,,,,,,2019-05-26,"{""type"":""MultiPoint"",""coordinates"":[]}"
2019_05_27,0.2408751694061818,8.3,0.21308287070926454,4.962353760817852,0.0013969398230401827,375.37584376067855,0.03618992264233375,2019-05-27,"{""type"":""MultiPoint"",""coordinates"":[]}"
2019_05_28,0.20799285965670944,0.5017783550278536,0.1619414924711645,5.9505474135120675,0.0,464.91968378628593,0.0014652300829385528,2019-05-28,"{""type"":""MultiPoint"",""coordinates"":[]}"
2019_05_29,0.3447134655712397,2.94196529543566,0.18799945582057087,5.9786131718498,1.695406020880573,289.70248151936227,0.014089518621771406,2019-05-29,"{""type"":""MultiPoint"",""coordinates"":[]}"
2019_05_30,0.32840404251886157,0.5,0.20084792704466628,1.538181715825421,1.8351021186861487,61.21545858214048,0.0012427039930318585,2019-05-30,"{""type"":""MultiPoint"",""coordinates"":[]}"
2019_05_31,0.266660003374658,0.5,0.16144332609019096,0.7885733569764115,1.4968767442171953,159.19226717286122,0.0022201586666639826,2019-05-31,"{""type"":""MultiPoint"",""coordinates"":[]}"
2019_06_01,0.21166198110329085,0.5,0.20969685650045858,0.020445337083552794,0.0,84.44916463059238,0.002669682002738866,2019-06-01,"{""type"":""MultiPoint"",""coordinates"":[]}"
2019_06_02,0.3057812026295468,0.5,0.2364762589711235,0.5174510531977798,4.428994418268452E-5,382.4567080162183,0.001799156638680118,2019-06-02,"{""type"":""MultiPoint"",""coordinates"":[]}"
2019_06_03,0.23013970774551287,0.5,0.17399244955108453,0.9114806454594989,1.1234639673583569,115.58349414866579,0.0016393481086244424,2019-06-03,"{""type"":""MultiPoint"",""coordinates"":[]}"
2019_06_04,0.2514907003819276,0.5,0.0923700985119218,1.0787521164640106,1.9885601615785147,61.07376470290134,4.944318869725824E-4,2019-06-04,"{""type"":""MultiPoint"",""coordinates"":[]}"
2019_06_05,0.144350664758464,0.5,0.07705452108679972,1.0000637976628353,2.0,59.67775281364411,4.7544895494270527E-4,2019-06-05,"{""type"":""MultiPoint"",""coordinates"":[]}"
2019_06_06,0.2736453875166018,0.5,0.19487536507446873,0.377990738268123,0.0250631657812792,279.99175096220193,0.0010292064136791703,2019-06-06,"{""type"":""MultiPoint"",""coordinates"":[]}"
2019_06_07,0.27706464443292617,0.5,0.1268581828047499,1.0803981899852566,8.488268297811229E-4,653.5589559988147,0.0010374625818107808,2019-06-07,"{""type"":""MultiPoint"",""coordinates"":[]}"
2019_06_08,0.3692419528968012,0.5,0.3623528330659365,0.04938154889654841,0.005123181790878714,60.680678530678954,7.514363934330935E-4,2019-06-08,"{""type"":""MultiPoint"",""coordinates"":[]}"
2019_06_09,0.3634306817295978,0.5,0.15676670613668953,0.947673375856146,1.8074566520681588,60.267376317678554,6.911413473810291E-4,2019-06-09,"{""type"":""MultiPoint"",""coordinates"":[]}"
2019_06_10,0.12935977434978865,0.5,0.10974061794380469,1.0,2.0,602.1720986363407,1.335685382201075E-4,2019-06-10,"{""type"":""MultiPoint"",""coordinates"":[]}"
2019_06_11,0.214678124444081,0.5,0.09613756439141549,1.8721759722177411,2.0,78.46750076690488,2.0627910983372257E-4,2019-06-11,"{""type"":""MultiPoint"",""coordinates"":[]}"
2019_06_12,0.18179256998226154,0.5,0.18174850111507748,4.045522384489137E-4,0.0,50.04448304550805,1.2759532567034384E-4,2019-06-12,"{""type"":""MultiPoint"",""coordinates"":[]}"
2019_06_13,,43.400000000000006,0.09283492140282015,1.0004045522384488,,746.4944553420355,1.2759532567034384E-4,2019-06-13,"{""type"":""MultiPoint"",""coordinates"":[]}"
2019_06_14,,,,,,,,2019-06-14,"{""type"":""MultiPoint"",""coordinates"":[]}"
2019_06_15,0.058220381841875224,74.10517721475607,0.08864796398007138,1.7552392032385566,1.7845259142568566,66.91806200338824,0.0015055935695459225,2019-06-15,"{""type"":""MultiPoint"",""coordinates"":[]}"
2019_06_16,0.02611648123917299,97.30000000000001,0.09101998527902784,1.0461169224145082,2.0,142.0468239193648,3.4557067369051463E-4,2019-06-16,"{""type"":""MultiPoint"",""coordinates"":[]}"
2019_06_17,0.011202692548430707,138.5,0.09077109144550624,1.1303202364341425,8.887219353981614E-4,683.1507771759706,1.1696238186448186E-5,2019-06-17,"{""type"":""MultiPoint"",""coordinates"":[]}"
2019_06_18,0.05490560208225653,92.4,0.04471498566077901,0.0946405803861081,0.0017654959982037032,88.53032764197168,1.5843086270734362E-4,2019-06-18,"{""type"":""MultiPoint"",""coordinates"":[]}"
2019_06_19,0.0691462760015228,67.79252300766231,0.062154358625279724,0.009995405004608156,0.001826129575194701,55.771775057074564,9.898019748692115E-5,2019-06-19,"{""type"":""MultiPoint"",""coordinates"":[]}"
2019_06_20,,,,,,,,2019-06-20,"{""type"":""MultiPoint"",""coordinates"":[]}"
2019_06_21,0.061728699792290134,38.1,0.09101998527902784,1.0557309174701277,2.0,160.12407463288426,1.2759532567034384E-4,2019-06-21,"{""type"":""MultiPoint"",""coordinates"":[]}"
2019_06_22,,,,,,,,2019-06-22,"{""type"":""MultiPoint"",""coordinates"":[]}"
2019_06_23,0.13714598292779034,21.3,0.09673029032687848,1.6528149327061612,8.947752229563154E-4,611.0908943754079,4.7848247126378944E-5,2019-06-23,"{""type"":""MultiPoint"",""coordinates"":[]}"
2019_06_24,0.19951610385746252,15.596070483063988,0.16859824526369335,0.4983842460053107,0.003021467874585995,133.06358447231926,1.2759532567034384E-4,2019-06-24,"{""type"":""MultiPoint"",""coordinates"":[]}"
2019_06_25,,,,,,,,2019-06-25,"{""type"":""MultiPoint"",""coordinates"":[]}"
2019_06_26,0.5644477318744373,7.065466418940252,0.14113608694768456,2.1586522155787042,1.3618627979797393,608.6439475267002,1.1274047770627195E-4,2019-06-26,"{""type"":""MultiPoint"",""coordinates"":[]}"
2019_06_27,0.11575467669759182,4.7,0.09362881366550427,2.8924284151914157,1.9999814614748181,133.8255542351678,1.1677474167967253E-4,2019-06-27,"{""type"":""MultiPoint"",""coordinates"":[]}"
2019_06_28,0.25126257504610156,1.2324027485156912,0.14879109941898136,0.9536812392933772,0.0015813575020156,398.9525340072231,0.0,2019-06-28,"{""type"":""MultiPoint"",""coordinates"":[]}"
2019_06_29,0.15169724396469114,0.5,0.09972592963375747,1.8420806757098427,0.0020764847840427703,635.2701338465916,0.0,2019-06-29,"{""type"":""MultiPoint"",""coordinates"":[]}"
